{"cameraMode":{"drawMode":0,"name":"Shaded","section":"Shading Mode"},"sceneLighting":true,"audioPlay":false,"sceneViewState":{"m_AlwaysRefresh":false,"showFog":true,"showSkybox":true,"showFlares":true,"showImageEffects":true,"showParticleSystems":true,"showVisualEffectGraphs":true,"m_FxEnabled":true},"in2DMode":false,"pivot":{"x":91.46234130859375,"y":19.455158233642579,"z":38.2474479675293},"rotation":{"x":0.3418137729167938,"y":-0.05633844435214996,"z":0.020532384514808656,"w":0.9378584027290344},"size":30.797016143798829,"orthographic":true}